store_id,arima,drift,ets,mean,moving_average_28,naive,seasonal_naive,seasonal_naive_364,xgboost
TX_2,0.5710589820368316,1.1792266801844042,0.6072464013529904,0.9742800896137191,0.8720966612273334,1.1782608356790247,0.7749679125202046,0.8444755647272107,0.545661056668051
TX_3,0.6843427640263093,1.0180484439716366,0.7470332245508681,0.8991735592307113,0.8072521035594898,1.0176421254376102,0.8773768726316307,0.9611505588800301,0.665258122449575
CA_3,0.6984939062067641,1.4068685983580482,0.7316316246003888,0.9729285775192241,0.8818433144541691,1.4041911046964342,0.9297753755137346,0.8399830729694451,0.7131229378928428
TX_1,0.5994375172405512,1.0776482694517016,0.6340043387060326,0.7911021774796458,0.7004349906255817,1.076306941797388,0.8174643108986074,0.8203551825103033,0.597250571507358
WI_3,0.5332147485667537,0.8539845641535,0.5544428760787429,1.059372760795007,0.6513979983546794,0.853925527886197,0.7198978552938726,0.6613716461494799,0.506650673339392
CA_1,0.6085067692645302,1.4510656878133057,0.628296818164787,0.9987537915884382,0.8704631256455042,1.449112059018339,0.7474893558086043,0.9517429358801587,0.6249014016080413
CA_2,0.8932185232605057,1.492247464030285,0.8970196873690764,1.3382202972525077,1.1277586255508927,1.490312766966309,1.1416865182670581,1.5224755152732246,0.9253089417819622
CA_4,0.5752533410092364,0.6934971000853143,0.5621290326953757,1.0112984171687498,0.5769674465766446,0.6930707398416478,0.7390889996002294,1.4594662423454774,0.7191379505866369
WI_1,0.6662884440989054,0.9581381608616136,0.6693711730035934,0.7810713193647773,0.7569605986498869,0.9575959116821214,0.9352417584608816,1.082053073506162,0.6483007181075648
WI_2,0.6780019915336511,0.8671117406888764,0.7039754699633132,0.7961607203510829,0.7210637825794366,0.8660648786763295,0.9284791447044379,1.235974290273318,0.7079370679846385
